{
    "$schema": "https://schema.management.azure.com/schemas/2015-01-01/deploymentParameters.json#",
    "contentVersion": "1.0.0.0",
    "parameters": {
        "vulnerabilityAssessments_Default_storageContainerPath": {
            "value": null
        },
        "vaults_KV_SalesProject_2448_PP_name": {
            "value": null
        },
        "metricAlerts_Pipeline_Failure_Alert_name": {
            "value": null
        },
        "actionGroups_Action_Email_Alert_group_name": {
            "value": null
        },
        "storageAccounts_adlssalesproject2448pp1_name": {
            "value": null
        },
        "storageAccounts_adlssalesproject2448pp2_name": {
            "value": null
        },
        "workspaces_synapse_salesproject_2448_pramod_potghan_name": {
            "value": null
        },
        "factories_ADF_SalesProject_2448_Pramod_Potghan_externalid": {
            "value": null
        }
    }
}